{
  "position_rmse_mean": 2242.8308184629186,
  "position_rmse_std": 1038.9068883041145,
  "position_max_error": 10695.869061252944,
  "velocity_rmse_mean": 21.19191900887326,
  "velocity_rmse_std": 4.374834851328235,
  "velocity_max_error": 241.59436236142813,
  "position_error_at_apogee": 3048.8772954684537,
  "position_error_at_landing": 2448.9741623084487
}