{
  "param_mean": [
    3.9944472312927246,
    1.000580906867981,
    84.9100570678711,
    181.42391967773438,
    7.257386684417725,
    177.11331176757812,
    0.20227928459644318,
    0.38900026679039,
    0.041769832372665405,
    8.731667518615723
  ],
  "param_std": [
    1.166124701499939,
    0.029347248375415802,
    2.8542537689208984,
    105.75852966308594,
    4.281024932861328,
    105.24089813232422,
    0.057963013648986816,
    5.876978397369385,
    6.025353908538818,
    5.182854652404785
  ],
  "time_mean": 280.7037353515625,
  "time_std": 165.1674346923828,
  "pos_mean": [
    289.3747253417969,
    173.68399047851562,
    3178.561279296875
  ],
  "pos_std": [
    5707.154296875,
    5841.07177734375,
    1056.8426513671875
  ],
  "vel_mean": [
    0.9620019197463989,
    0.5119587182998657,
    -0.42759817838668823
  ],
  "vel_std": [
    17.765600204467773,
    18.20836067199707,
    34.014469146728516
  ],
  "acc_mean": [
    -3.6530344486236572,
    -6.57816219329834,
    1.2249398231506348
  ],
  "acc_std": [
    1389.0142822265625,
    1604.748046875,
    410.2287902832031
  ]
}