{
  "param_mean": [
    3.986262321472168,
    1.0003455877304077,
    84.9076156616211,
    181.03099060058594,
    7.498244285583496,
    179.4401092529297,
    0.20209042727947235,
    0.2710040211677551,
    0.05348137021064758,
    9.029924392700195
  ],
  "param_std": [
    1.156983733177185,
    0.02896874211728573,
    2.8669521808624268,
    105.32684326171875,
    4.324546813964844,
    105.92464447021484,
    0.05743354186415672,
    6.0280585289001465,
    6.205770015716553,
    5.257725238800049
  ],
  "time_mean": 280.74053955078125,
  "time_std": 165.19900512695312,
  "pos_mean": [
    252.55348205566406,
    129.3689727783203,
    3175.663818359375
  ],
  "pos_std": [
    5829.91455078125,
    6084.224609375,
    1056.09765625
  ],
  "vel_mean": [
    0.863431453704834,
    0.41953590512275696,
    -0.43109065294265747
  ],
  "vel_std": [
    18.186166763305664,
    18.969173431396484,
    33.996482849121094
  ],
  "acc_mean": [
    -1.0649378299713135,
    -7.033263683319092,
    1.2652959823608398
  ],
  "acc_std": [
    1349.811279296875,
    1852.3779296875,
    451.3185119628906
  ]
}